UID,trk,dtick,atick,amicro,type,ch,D0,D1,sci_pitch
    0,  0,         0,         0,         0,tsig,1,2,,    
    1,  0,         0,         0,         0,ksig,,,,    
    2,  0,         0,         0,         0,tempo,75,bpm,,    
  120,  1,         0,         0,         0,name,,,,    
  121,  1,         0,         0,         0, pgm,  0,  1,  0,    
  122,  1,         0,         0,         0, ctl,  0, 64,  0,    
  123,  1,         0,         0,         0, ctl,  0, 64,  0,    
 1265,  2,         1,         1,       781,copy,,,,    
 1266,  2,         0,         1,       781,eot,,,,    
    3,  0,      1024,      1024,    799999,tsig,3,3,,    
  124,  1,      1024,      1024,    799999, ctl,  0, 64,  0,    
  125,  1,         0,      1024,    799999, ctl,  0, 64,  0,    
  126,  1,         0,      1024,    799999, ctl,  0, 64,  0,    
    4,  0,       512,      1536,   1199999,tempo,45,bpm,,    
  127,  1,       512,      1536,   1199999, non,  0, 53, 22,  F3
  128,  1,         0,      1536,   1199999, non,  0, 60, 22,  C4
  129,  1,         0,      1536,   1199999, non,  0, 64, 30,  E4
  130,  1,         0,      1536,   1199999, non,  0, 45, 19,  A2
  131,  1,       341,      1877,   1644009, ctl,  0, 64,127,    
    5,  0,       512,      2048,   1866665,tempo,66,bpm,,    
  132,  1,       171,      2048,   1866665, non,  0, 69, 33,  A4
  133,  1,       510,      2558,   2319434, ctl,  0, 64,127,    
    6,  0,       512,      2560,   2321209,tsig,6,3,,    
    7,  0,         0,      2560,   2321209,tempo,60,bpm,,    
  134,  1,         2,      2560,   2321209, ctl,  0, 64,  0,    
  135,  1,         0,      2560,   2321209, nof,  0, 64,  0,    
  136,  1,         0,      2560,   2321209, nof,  0, 69,  0,    
  137,  1,         0,      2560,   2321209, non,  0, 64, 38,  E4
  138,  1,       196,      2756,   2512615, ctl,  0, 64,127,    
  139,  1,         0,      2756,   2512615, ctl,  0, 64,127,    
  140,  1,        95,      2851,   2605388, ctl,  0, 64,127,    
  141,  1,         0,      2851,   2605388, ctl,  0, 64,127,    
    8,  0,       512,      3072,   2821208,tempo,66,bpm,,    
  142,  1,       221,      3072,   2821208, non,  0, 59, 23,  B3
  143,  1,         0,      3072,   2821208, non,  0, 63, 34, D#4
  144,  1,        38,      3110,   2854943, ctl,  0, 64,  0,    
  145,  1,         0,      3110,   2854943, ctl,  0, 64,  0,    
  146,  1,        12,      3122,   2865596, nof,  0, 60,  0,    
  147,  1,         0,      3122,   2865596, nof,  0, 64,  0,    
  148,  1,       223,      3345,   3063571, ctl,  0, 64,127,    
  149,  1,         0,      3345,   3063571, ctl,  0, 64,127,    
    9,  0,       512,      3584,   3275751,tempo,60,bpm,,    
  150,  1,       239,      3584,   3275751, nof,  0, 53,  0,    
  151,  1,         0,      3584,   3275751, nof,  0, 59,  0,    
  152,  1,         0,      3584,   3275751, nof,  0, 63,  0,    
  153,  1,         0,      3584,   3275751, non,  0, 53, 24,  F3
  154,  1,         0,      3584,   3275751, non,  0, 57, 31,  A3
  155,  1,         0,      3584,   3275751, nof,  0, 45,  0,    
  156,  1,         0,      3584,   3275751, non,  0, 40,  9,  E2
  157,  1,         0,      3584,   3275751, non,  0, 48,  9,  C3
  158,  1,        32,      3616,   3307001, ctl,  0, 64,127,    
  159,  1,         0,      3616,   3307001, ctl,  0, 64,127,    
  160,  1,        65,      3681,   3370477, ctl,  0, 64,  0,    
  161,  1,         0,      3681,   3370477, ctl,  0, 64,  0,    
  162,  1,       162,      3843,   3528680, ctl,  0, 64,127,    
  163,  1,         0,      3843,   3528680, ctl,  0, 64,127,    
   10,  0,       512,      4096,   3775750,tempo,45,bpm,,    
  164,  1,       253,      4096,   3775750, nof,  0, 53,  0,    
  165,  1,         0,      4096,   3775750, nof,  0, 57,  0,    
  166,  1,         0,      4096,   3775750, non,  0, 53, 20,  F3
  167,  1,         0,      4096,   3775750, non,  0, 57, 20,  A3
  168,  1,         0,      4096,   3775750, non,  0, 60, 20,  C4
  169,  1,         0,      4096,   3775750, non,  0, 64, 20,  E4
  170,  1,         0,      4096,   3775750, non,  0, 65, 20,  F4
  171,  1,         0,      4096,   3775750, non,  0, 69, 20,  A4
  172,  1,         0,      4096,   3775750, non,  0, 72, 40,  C5
   11,  0,       512,      4608,   4442416,tempo,55,bpm,,    
  173,  1,       512,      4608,   4442416, nof,  0, 53,  0,    
  174,  1,         0,      4608,   4442416, nof,  0, 57,  0,    
  175,  1,         0,      4608,   4442416, nof,  0, 60,  0,    
  176,  1,         0,      4608,   4442416, nof,  0, 64,  0,    
  177,  1,         0,      4608,   4442416, nof,  0, 65,  0,    
  178,  1,         0,      4608,   4442416, nof,  0, 69,  0,    
  179,  1,         0,      4608,   4442416, nof,  0, 72,  0,    
  180,  1,         0,      4608,   4442416, non,  0, 53, 21,  F3
  181,  1,         0,      4608,   4442416, non,  0, 60, 21,  C4
  182,  1,         0,      4608,   4442416, non,  0, 64, 35,  E4
  183,  1,         0,      4608,   4442416, nof,  0, 40,  0,    
  184,  1,         0,      4608,   4442416, nof,  0, 48,  0,    
  185,  1,         0,      4608,   4442416, non,  0, 45, 12,  A2
  186,  1,        20,      4628,   4463722, ctl,  0, 64,  0,    
  187,  1,         0,      4628,   4463722, ctl,  0, 64,  0,    
  188,  1,       226,      4854,   4704489, ctl,  0, 64,127,    
  189,  1,         0,      4854,   4704489, ctl,  0, 64,127,    
  190,  1,        28,      4882,   4734318, ctl,  0, 64,127,    
  191,  1,         0,      4882,   4734318, ctl,  0, 64,127,    
   12,  0,       512,      5120,   4987869,tempo,66,bpm,,    
  192,  1,       238,      5120,   4987869, non,  0, 72, 46,  C5
   13,  0,       512,      5632,   5442414,tempo,60,bpm,,    
  193,  1,       512,      5632,   5442414, ctl,  0, 64,127,    
  194,  1,         0,      5632,   5442414, ctl,  0, 64,127,    
  195,  1,         0,      5632,   5442414, nof,  0, 64,  0,    
  196,  1,         0,      5632,   5442414, nof,  0, 72,  0,    
  197,  1,         0,      5632,   5442414, non,  0, 64, 43,  E4
   14,  0,       512,      6144,   5942414,tempo,66,bpm,,    
  198,  1,       512,      6144,   5942414, non,  0, 59, 23,  B3
  199,  1,         0,      6144,   5942414, non,  0, 63, 34, D#4
  200,  1,        38,      6182,   5976149, ctl,  0, 64,  0,    
  201,  1,         0,      6182,   5976149, ctl,  0, 64,  0,    
  202,  1,         0,      6182,   5976149, ctl,  0, 64,  0,    
  203,  1,         0,      6182,   5976149, ctl,  0, 64,  0,    
  204,  1,        12,      6194,   5986802, nof,  0, 60,  0,    
  205,  1,         0,      6194,   5986802, nof,  0, 64,  0,    
  206,  1,       223,      6417,   6184777, ctl,  0, 64,127,    
  207,  1,         0,      6417,   6184777, ctl,  0, 64,127,    
  208,  1,         0,      6417,   6184777, ctl,  0, 64,127,    
  209,  1,         0,      6417,   6184777, ctl,  0, 64,127,    
   15,  0,       512,      6656,   6396957,tempo,60,bpm,,    
  210,  1,       239,      6656,   6396957, nof,  0, 53,  0,    
  211,  1,         0,      6656,   6396957, nof,  0, 59,  0,    
  212,  1,         0,      6656,   6396957, nof,  0, 63,  0,    
  213,  1,         0,      6656,   6396957, non,  0, 53, 24,  F3
  214,  1,         0,      6656,   6396957, non,  0, 57, 31,  A3
  215,  1,         0,      6656,   6396957, nof,  0, 45,  0,    
  216,  1,         0,      6656,   6396957, non,  0, 40,  9,  E2
  217,  1,         0,      6656,   6396957, non,  0, 48,  9,  C3
  218,  1,        32,      6688,   6428207, ctl,  0, 64,127,    
  219,  1,         0,      6688,   6428207, ctl,  0, 64,127,    
  220,  1,         0,      6688,   6428207, ctl,  0, 64,127,    
  221,  1,         0,      6688,   6428207, ctl,  0, 64,127,    
  222,  1,        65,      6753,   6491683, ctl,  0, 64,  0,    
  223,  1,         0,      6753,   6491683, ctl,  0, 64,  0,    
  224,  1,         0,      6753,   6491683, ctl,  0, 64,  0,    
  225,  1,         0,      6753,   6491683, ctl,  0, 64,  0,    
  226,  1,       162,      6915,   6649886, ctl,  0, 64,127,    
  227,  1,         0,      6915,   6649886, ctl,  0, 64,127,    
  228,  1,         0,      6915,   6649886, ctl,  0, 64,127,    
  229,  1,         0,      6915,   6649886, ctl,  0, 64,127,    
   16,  0,       512,      7168,   6896956,tempo,45,bpm,,    
  230,  1,       253,      7168,   6896956, nof,  0, 53,  0,    
  231,  1,         0,      7168,   6896956, nof,  0, 57,  0,    
  232,  1,         0,      7168,   6896956, non,  0, 53, 18,  F3
  233,  1,         0,      7168,   6896956, non,  0, 57, 18,  A3
  234,  1,         0,      7168,   6896956, non,  0, 60, 18,  C4
  235,  1,         0,      7168,   6896956, non,  0, 64, 18,  E4
  236,  1,         0,      7168,   6896956, non,  0, 65, 18,  F4
  237,  1,         0,      7168,   6896956, non,  0, 69, 18,  A4
  238,  1,         0,      7168,   6896956, non,  0, 72, 18,  C5
  239,  1,         0,      7168,   6896956, non,  0, 76, 39,  E5
   17,  0,       512,      7680,   7563622,tempo,49,bpm,,    
  240,  1,       512,      7680,   7563622, nof,  0, 53,  0,    
  241,  1,         0,      7680,   7563622, nof,  0, 57,  0,    
  242,  1,         0,      7680,   7563622, nof,  0, 60,  0,    
  243,  1,         0,      7680,   7563622, nof,  0, 64,  0,    
  244,  1,         0,      7680,   7563622, nof,  0, 65,  0,    
  245,  1,         0,      7680,   7563622, nof,  0, 69,  0,    
  246,  1,         0,      7680,   7563622, nof,  0, 72,  0,    
  247,  1,         0,      7680,   7563622, nof,  0, 76,  0,    
  248,  1,         0,      7680,   7563622, non,  0, 53, 21,  F3
  249,  1,         0,      7680,   7563622, non,  0, 60, 21,  C4
  250,  1,         0,      7680,   7563622, non,  0, 64, 35,  E4
  251,  1,         0,      7680,   7563622, nof,  0, 40,  0,    
  252,  1,         0,      7680,   7563622, nof,  0, 48,  0,    
  253,  1,         0,      7680,   7563622, non,  0, 45, 12,  A2
  254,  1,        20,      7700,   7587537, ctl,  0, 64,  0,    
  255,  1,         0,      7700,   7587537, ctl,  0, 64,  0,    
  256,  1,         0,      7700,   7587537, ctl,  0, 64,  0,    
  257,  1,         0,      7700,   7587537, ctl,  0, 64,  0,    
  258,  1,       226,      7926,   7857785, ctl,  0, 64,127,    
  259,  1,         0,      7926,   7857785, ctl,  0, 64,127,    
  260,  1,         0,      7926,   7857785, ctl,  0, 64,127,    
  261,  1,         0,      7926,   7857785, ctl,  0, 64,127,    
   18,  0,       512,      8192,   8175865,tempo,60,bpm,,    
  262,  1,       266,      8192,   8175865, non,  0, 72, 46,  C5
   19,  0,       512,      8704,   8675865,tempo,55,bpm,,    
  263,  1,       512,      8704,   8675865, ctl,  0, 64,  0,    
  264,  1,         0,      8704,   8675865, ctl,  0, 64,127,    
  265,  1,         0,      8704,   8675865, ctl,  0, 64,  0,    
  266,  1,         0,      8704,   8675865, nof,  0, 53,  0,    
  267,  1,         0,      8704,   8675865, nof,  0, 60,  0,    
  268,  1,         0,      8704,   8675865, nof,  0, 64,  0,    
  269,  1,         0,      8704,   8675865, nof,  0, 72,  0,    
  270,  1,         0,      8704,   8675865, nof,  0, 45,  0,    
  271,  1,         0,      8704,   8675865, non,  0, 60, 20,  C4
  272,  1,         0,      8704,   8675865, non,  0, 65, 20,  F4
  273,  1,         0,      8704,   8675865, non,  0, 69, 36,  A4
  274,  1,         0,      8704,   8675865, non,  0, 51, 12, D#3
  275,  1,       395,      9099,   9096674, ctl,  0, 64,127,    
   20,  0,       512,      9216,   9221318,tempo,66,bpm,,    
  276,  1,       117,      9216,   9221318, nof,  0, 60,  0,    
  277,  1,         0,      9216,   9221318, nof,  0, 65,  0,    
  278,  1,         0,      9216,   9221318, nof,  0, 69,  0,    
  279,  1,         0,      9216,   9221318, non,  0, 60, 26,  C4
  280,  1,         0,      9216,   9221318, non,  0, 64, 39,  E4
  281,  1,         0,      9216,   9221318, nof,  0, 51,  0,    
  282,  1,         0,      9216,   9221318, non,  0, 45, 12,  A2
  283,  1,         0,      9216,   9221318, non,  0, 53, 21,  F3
  284,  1,       136,      9352,   9342056, ctl,  0, 64,  0,    
  285,  1,       254,      9606,   9567552, ctl,  0, 64,127,    
  286,  1,       122,      9728,   9675861, nof,  0, 60,  0,    
  287,  1,         0,      9728,   9675861, nof,  0, 64,  0,    
  288,  1,         0,      9728,   9675861, non,  0, 72, 44,  C5
  289,  1,       512,     10240,  10130406, nof,  0, 72,  0,    
  290,  1,         0,     10240,  10130406, non,  0, 60, 22,  C4
  291,  1,         0,     10240,  10130406, non,  0, 65, 22,  F4
  292,  1,         0,     10240,  10130406, non,  0, 69, 38,  A4
  293,  1,         0,     10240,  10130406, nof,  0, 45,  0,    
  294,  1,         0,     10240,  10130406, nof,  0, 53,  0,    
  295,  1,         0,     10240,  10130406, non,  0, 51, 12, D#3
  296,  1,        99,     10339,  10218296, ctl,  0, 64,  0,    
  297,  1,       281,     10620,  10467763, ctl,  0, 64,127,    
   21,  0,      1536,     10752,  10584950,tempo,49,bpm,,    
  298,  1,       132,     10752,  10584950, nof,  0, 60,  0,    
  299,  1,         0,     10752,  10584950, nof,  0, 65,  0,    
  300,  1,         0,     10752,  10584950, nof,  0, 69,  0,    
  301,  1,         0,     10752,  10584950, non,  0, 60, 20,  C4
  302,  1,         0,     10752,  10584950, non,  0, 64, 33,  E4
  303,  1,         0,     10752,  10584950, nof,  0, 51,  0,    
  304,  1,         0,     10752,  10584950, non,  0, 45, 12,  A2
  305,  1,         0,     10752,  10584950, non,  0, 53, 21,  F3
  306,  1,        94,     10846,  10697354, ctl,  0, 64,  0,    
  307,  1,       225,     11071,  10966406, ctl,  0, 64,127,    
   22,  0,       512,     11264,  11197193,tempo,40,bpm,,    
  308,  1,       193,     11264,  11197193, nof,  0, 60,  0,    
  309,  1,         0,     11264,  11197193, nof,  0, 64,  0,    
  310,  1,         0,     11264,  11197193, non,  0, 72, 38,  C5
   23,  0,       512,     11776,  11947193,tempo,55,bpm,,    
  311,  1,       512,     11776,  11947193, ctl,  0, 64,  0,    
  312,  1,         0,     11776,  11947193, ctl,  0, 64,127,    
  313,  1,         0,     11776,  11947193, ctl,  0, 64,  0,    
  314,  1,         0,     11776,  11947193, ctl,  0, 64,  0,    
  315,  1,         0,     11776,  11947193, nof,  0, 72,  0,    
  316,  1,         0,     11776,  11947193, nof,  0, 45,  0,    
  317,  1,         0,     11776,  11947193, nof,  0, 53,  0,    
  318,  1,         0,     11776,  11947193, non,  0, 65, 26,  F4
  319,  1,         0,     11776,  11947193, non,  0, 69, 42,  A4
  320,  1,         0,     11776,  11947193, non,  0, 51, 12, D#3
  321,  1,         0,     11776,  11947193, non,  0, 60, 21,  C4
  322,  1,       338,     12114,  12307278, ctl,  0, 64,127,    
  323,  1,       686,     12800,  13038101, nof,  0, 60,  0,    
  324,  1,         0,     12800,  13038101, non,  0, 59, 21,  B3
  325,  1,        56,     12856,  13097760, ctl,  0, 64,  0,    
  326,  1,       439,     13295,  13565444, ctl,  0, 64,127,    
   24,  0,      2048,     13824,  14129009,tempo,55,bpm,,    
  327,  1,       529,     13824,  14129009, nof,  0, 65,  0,    
  328,  1,         0,     13824,  14129009, nof,  0, 69,  0,    
  329,  1,         0,     13824,  14129009, non,  0, 65, 22,  F4
  330,  1,         0,     13824,  14129009, non,  0, 69, 38,  A4
  331,  1,         0,     13824,  14129009, nof,  0, 51,  0,    
  332,  1,         0,     13824,  14129009, nof,  0, 59,  0,    
  333,  1,         0,     13824,  14129009, non,  0, 50, 12,  D3
  334,  1,         0,     13824,  14129009, non,  0, 58, 21, A#3
  335,  1,        79,     13903,  14213170, ctl,  0, 64,  0,    
  336,  1,       304,     14207,  14537033, ctl,  0, 64,127,    
   25,  0,       512,     14336,  14674461,tempo,49,bpm,,    
  337,  1,       129,     14336,  14674461, nof,  0, 65,  0,    
  338,  1,         0,     14336,  14674461, nof,  0, 69,  0,    
  339,  1,         0,     14336,  14674461, non,  0, 77, 52,  F5
   26,  0,       512,     14848,  15286705,tempo,55,bpm,,    
  340,  1,       512,     14848,  15286705, ctl,  0, 64,  0,    
  341,  1,         0,     14848,  15286705, ctl,  0, 64,127,    
  342,  1,         0,     14848,  15286705, nof,  0, 77,  0,    
  343,  1,         0,     14848,  15286705, nof,  0, 50,  0,    
  344,  1,         0,     14848,  15286705, nof,  0, 58,  0,    
  345,  1,         0,     14848,  15286705, non,  0, 76, 53,  E5
  346,  1,         0,     14848,  15286705, non,  0, 56, 17, G#3
  347,  1,         0,     14848,  15286705, non,  0, 65, 17,  F4
  348,  1,         0,     14848,  15286705, non,  0, 70, 25, A#4
  349,  1,       203,     15051,  15502969, ctl,  0, 64,  0,    
  350,  1,       303,     15354,  15825767, ctl,  0, 64,127,    
   27,  0,      1024,     15872,  16377613,tempo,60,bpm,,    
  351,  1,       518,     15872,  16377613, nof,  0, 76,  0,    
  352,  1,         0,     15872,  16377613, non,  0, 74, 43,  D5
  353,  1,        90,     15962,  16465503, ctl,  0, 64,  0,    
  354,  1,       371,     16333,  16827807, ctl,  0, 64,127,    
   28,  0,      1024,     16896,  17377611,tempo,49,bpm,,    
  355,  1,       563,     16896,  17377611, nof,  0, 74,  0,    
  356,  1,         0,     16896,  17377611, non,  0, 76, 49,  E5
   29,  0,       512,     17408,  17989855,tempo,60,bpm,,    
  357,  1,       512,     17408,  17989855, nof,  0, 76,  0,    
  358,  1,         0,     17408,  17989855, non,  0, 74, 45,  D5
  359,  1,       512,     17920,  18489855, ctl,  0, 64,  0,    
  360,  1,         0,     17920,  18489855, ctl,  0, 64,127,    
  361,  1,         0,     17920,  18489855, nof,  0, 74,  0,    
  362,  1,         0,     17920,  18489855, nof,  0, 56,  0,    
  363,  1,         0,     17920,  18489855, nof,  0, 65,  0,    
  364,  1,         0,     17920,  18489855, nof,  0, 70,  0,    
  365,  1,         0,     17920,  18489855, non,  0, 74, 46,  D5
  366,  1,         0,     17920,  18489855, non,  0, 57, 19,  A3
  367,  1,         0,     17920,  18489855, non,  0, 65, 26,  F4
  368,  1,         0,     17920,  18489855, non,  0, 69, 26,  A4
  369,  1,       163,     18083,  18649034, ctl,  0, 64,  0,    
  370,  1,       218,     18301,  18861924, ctl,  0, 64,127,    
   30,  0,      1024,     18432,  18989853,tempo,66,bpm,,    
  371,  1,       131,     18432,  18989853, nof,  0, 74,  0,    
  372,  1,         0,     18432,  18989853, non,  0, 73, 38, C#5
  373,  1,       512,     18944,  19444398, nof,  0, 73,  0,    
  374,  1,         0,     18944,  19444398, non,  0, 72, 37,  C5
  375,  1,         9,     18953,  19452388, ctl,  0, 64,  0,    
  376,  1,       245,     19198,  19669894, ctl,  0, 64,127,    
   31,  0,      1024,     19456,  19898942,tempo,40,bpm,,    
  377,  1,       258,     19456,  19898942, non,  0, 81, 30,  A5
  378,  1,         0,     19456,  19898942, nof,  0, 69,  0,    
  379,  1,        68,     19524,  19998551, ctl,  0, 64,  0,    
   32,  0,       512,     19968,  20648941,tempo,60,bpm,,    
  380,  1,       444,     19968,  20648941, nof,  0, 72,  0,    
  381,  1,         0,     19968,  20648941, nof,  0, 81,  0,    
  382,  1,         0,     19968,  20648941, non,  0, 69, 38,  A4
  383,  1,         0,     19968,  20648941, nof,  0, 57,  0,    
  384,  1,         0,     19968,  20648941, nof,  0, 65,  0,    
  385,  1,         0,     19968,  20648941, non,  0, 57, 12,  A3
  386,  1,         0,     19968,  20648941, non,  0, 60, 12,  C4
  387,  1,         0,     19968,  20648941, non,  0, 65, 19,  F4
  388,  1,       127,     20095,  20772964, ctl,  0, 64,127,    
   33,  0,       512,     20480,  21148940,tempo,55,bpm,,    
  389,  1,       385,     20480,  21148940, nof,  0, 69,  0,    
  390,  1,         0,     20480,  21148940, non,  0, 72, 46,  C5
  391,  1,         0,     20480,  21148940, nof,  0, 57,  0,    
  392,  1,         0,     20480,  21148940, nof,  0, 65,  0,    
  393,  1,         0,     20480,  21148940, non,  0, 57, 19,  A3
   34,  0,       512,     20992,  21694394,tempo,49,bpm,,    
  394,  1,       512,     20992,  21694394, ctl,  0, 64,  0,    
  395,  1,         0,     20992,  21694394, ctl,  0, 64,127,    
  396,  1,         0,     20992,  21694394, nof,  0, 72,  0,    
  397,  1,         0,     20992,  21694394, nof,  0, 57,  0,    
  398,  1,         0,     20992,  21694394, nof,  0, 60,  0,    
  399,  1,         0,     20992,  21694394, non,  0, 71, 45,  B4
  400,  1,         0,     20992,  21694394, non,  0, 51, 25, D#3
  401,  1,         0,     20992,  21694394, non,  0, 59, 25,  B3
  402,  1,         0,     20992,  21694394, non,  0, 66, 32, F#4
  403,  1,       158,     21150,  21883328, ctl,  0, 64,  0,    
  404,  1,       254,     21404,  22187058, ctl,  0, 64,127,    
   35,  0,       512,     21504,  22306637,tempo,66,bpm,,    
  405,  1,       100,     21504,  22306637, nof,  0, 71,  0,    
  406,  1,         0,     21504,  22306637, non,  0, 70, 36, A#4
  407,  1,       512,     22016,  22761182, nof,  0, 70,  0,    
  408,  1,         0,     22016,  22761182, non,  0, 69, 34,  A4
  409,  1,       179,     22195,  22920095, ctl,  0, 64,  0,    
  410,  1,       333,     22528,  23215726, nof,  0, 51,  0,    
  411,  1,         0,     22528,  23215726, nof,  0, 59,  0,    
  412,  1,         0,     22528,  23215726, nof,  0, 66,  0,    
  413,  1,         0,     22528,  23215726, non,  0, 57, 21,  A3
  414,  1,         0,     22528,  23215726, non,  0, 60, 21,  C4
  415,  1,         0,     22528,  23215726, non,  0, 65, 28,  F4
  416,  1,        79,     22607,  23285860, ctl,  0, 64,127,    
   36,  0,      1536,     23040,  23670270,tempo,49,bpm,,    
  417,  1,       433,     23040,  23670270, nof,  0, 69,  0,    
  418,  1,         0,     23040,  23670270, non,  0, 69, 39,  A4
   37,  0,       512,     23552,  24282514,tempo,45,bpm,,    
  419,  1,       512,     23552,  24282514, nof,  0, 69,  0,    
  420,  1,         0,     23552,  24282514, non,  0, 72, 35,  C5
  421,  1,         0,     23552,  24282514, nof,  0, 57,  0,    
  422,  1,         0,     23552,  24282514, non,  0, 57, 19,  A3
   38,  0,       512,     24064,  24949180,tempo,55,bpm,,    
  423,  1,       512,     24064,  24949180, ctl,  0, 64,  0,    
  424,  1,         0,     24064,  24949180, ctl,  0, 64,127,    
  425,  1,         0,     24064,  24949180, nof,  0, 72,  0,    
  426,  1,         0,     24064,  24949180, nof,  0, 57,  0,    
  427,  1,         0,     24064,  24949180, nof,  0, 60,  0,    
  428,  1,         0,     24064,  24949180, nof,  0, 65,  0,    
  429,  1,         0,     24064,  24949180, non,  0, 71, 34,  B4
  430,  1,         0,     24064,  24949180, non,  0, 51, 13, D#3
  431,  1,         0,     24064,  24949180, non,  0, 59, 13,  B3
  432,  1,         0,     24064,  24949180, non,  0, 66, 20, F#4
  433,  1,       158,     24222,  25117503, ctl,  0, 64,  0,    
  434,  1,       317,     24539,  25455216, ctl,  0, 64,127,    
   39,  0,      1536,     25600,  26585542,tempo,55,bpm,,    
   40,  0,       512,     26112,  27130996,tempo,49,bpm,,    
  435,  1,      1573,     26112,  27130996, nof,  0, 71,  0,    
  436,  1,         0,     26112,  27130996, non,  0, 60, 20,  C4
  437,  1,         0,     26112,  27130996, non,  0, 67, 20,  G4
  438,  1,         0,     26112,  27130996, non,  0, 71, 36,  B4
  439,  1,         0,     26112,  27130996, nof,  0, 51,  0,    
  440,  1,         0,     26112,  27130996, nof,  0, 59,  0,    
  441,  1,         0,     26112,  27130996, nof,  0, 66,  0,    
  442,  1,         0,     26112,  27130996, non,  0, 52,  6,  E3
  443,  1,       137,     26249,  27294819, ctl,  0, 64,  0,    
  444,  1,       254,     26503,  27598549, ctl,  0, 64,127,    
   41,  0,       512,     26624,  27743239,tempo,55,bpm,,    
  445,  1,       121,     26624,  27743239, nof,  0, 71,  0,    
  446,  1,         0,     26624,  27743239, non,  0, 76, 43,  E5
   42,  0,       512,     27136,  28288693,tempo,60,bpm,,    
  447,  1,       512,     27136,  28288693, ctl,  0, 64,127,    
  448,  1,         0,     27136,  28288693, ctl,  0, 64,127,    
  449,  1,         0,     27136,  28288693, nof,  0, 76,  0,    
  450,  1,         0,     27136,  28288693, non,  0, 71, 43,  B4
  451,  1,       291,     27427,  28572872, ctl,  0, 64,127,    
  452,  1,         0,     27427,  28572872, ctl,  0, 64,127,    
   43,  0,       512,     27648,  28788692,tempo,66,bpm,,    
  453,  1,       221,     27648,  28788692, non,  0, 66, 23, F#4
  454,  1,         0,     27648,  28788692, non,  0, 70, 34, A#4
  455,  1,        38,     27686,  28822427, ctl,  0, 64,  0,    
  456,  1,         0,     27686,  28822427, ctl,  0, 64,  0,    
  457,  1,        12,     27698,  28833080, nof,  0, 67,  0,    
  458,  1,         0,     27698,  28833080, nof,  0, 71,  0,    
  459,  1,       223,     27921,  29031055, ctl,  0, 64,127,    
  460,  1,         0,     27921,  29031055, ctl,  0, 64,127,    
  461,  1,       239,     28160,  29243235, nof,  0, 60,  0,    
  462,  1,         0,     28160,  29243235, nof,  0, 66,  0,    
  463,  1,         0,     28160,  29243235, nof,  0, 70,  0,    
  464,  1,         0,     28160,  29243235, non,  0, 60, 20,  C4
  465,  1,         0,     28160,  29243235, non,  0, 64, 36,  E4
  466,  1,         0,     28160,  29243235, nof,  0, 52,  0,    
  467,  1,         0,     28160,  29243235, non,  0, 47, 17,  B2
  468,  1,         0,     28160,  29243235, non,  0, 55,  8,  G3
  469,  1,        32,     28192,  29271644, ctl,  0, 64,127,    
  470,  1,         0,     28192,  29271644, ctl,  0, 64,127,    
  471,  1,        65,     28257,  29329349, ctl,  0, 64,  0,    
  472,  1,         0,     28257,  29329349, ctl,  0, 64,  0,    
  473,  1,       162,     28419,  29473169, ctl,  0, 64,127,    
  474,  1,         0,     28419,  29473169, ctl,  0, 64,127,    
   44,  0,      1024,     28672,  29697778,tempo,49,bpm,,    
  475,  1,       253,     28672,  29697778, nof,  0, 60,  0,    
  476,  1,         0,     28672,  29697778, nof,  0, 64,  0,    
  477,  1,         0,     28672,  29697778, non,  0, 60, 20,  C4
  478,  1,         0,     28672,  29697778, non,  0, 64, 20,  E4
  479,  1,         0,     28672,  29697778, non,  0, 67, 20,  G4
  480,  1,         0,     28672,  29697778, non,  0, 71, 20,  B4
  481,  1,         0,     28672,  29697778, non,  0, 72, 20,  C5
  482,  1,         0,     28672,  29697778, non,  0, 76, 20,  E5
  483,  1,         0,     28672,  29697778, non,  0, 79, 40,  G5
   45,  0,       512,     29184,  30310022,tempo,55,bpm,,    
  484,  1,       512,     29184,  30310022, nof,  0, 60,  0,    
  485,  1,         0,     29184,  30310022, nof,  0, 64,  0,    
  486,  1,         0,     29184,  30310022, nof,  0, 67,  0,    
  487,  1,         0,     29184,  30310022, nof,  0, 71,  0,    
  488,  1,         0,     29184,  30310022, nof,  0, 72,  0,    
  489,  1,         0,     29184,  30310022, nof,  0, 76,  0,    
  490,  1,         0,     29184,  30310022, nof,  0, 79,  0,    
  491,  1,         0,     29184,  30310022, non,  0, 60, 22,  C4
  492,  1,         0,     29184,  30310022, non,  0, 67, 22,  G4
  493,  1,         0,     29184,  30310022, non,  0, 71, 36,  B4
  494,  1,         0,     29184,  30310022, nof,  0, 47,  0,    
  495,  1,         0,     29184,  30310022, nof,  0, 55,  0,    
  496,  1,         0,     29184,  30310022, non,  0, 52, 19,  E3
  497,  1,        20,     29204,  30331328, ctl,  0, 64,  0,    
  498,  1,         0,     29204,  30331328, ctl,  0, 64,  0,    
  499,  1,       226,     29430,  30572095, ctl,  0, 64,127,    
  500,  1,         0,     29430,  30572095, ctl,  0, 64,127,    
  501,  1,        28,     29458,  30601924, ctl,  0, 64,127,    
  502,  1,         0,     29458,  30601924, ctl,  0, 64,127,    
   46,  0,       512,     29696,  30855475,tempo,60,bpm,,    
  503,  1,       238,     29696,  30855475, non,  0, 79, 46,  G5
  504,  1,       512,     30208,  31355475, ctl,  0, 64,127,    
  505,  1,         0,     30208,  31355475, ctl,  0, 64,  0,    
  506,  1,         0,     30208,  31355475, ctl,  0, 64,127,    
  507,  1,         0,     30208,  31355475, ctl,  0, 64,  0,    
  508,  1,         0,     30208,  31355475, nof,  0, 71,  0,    
  509,  1,         0,     30208,  31355475, nof,  0, 79,  0,    
  510,  1,         0,     30208,  31355475, non,  0, 71, 43,  B4
   47,  0,      1024,     30720,  31855475,tempo,66,bpm,,    
  511,  1,       512,     30720,  31855475, non,  0, 66, 23, F#4
  512,  1,         0,     30720,  31855475, non,  0, 70, 34, A#4
  513,  1,        38,     30758,  31889210, ctl,  0, 64,  0,    
  514,  1,         0,     30758,  31889210, ctl,  0, 64,  0,    
  515,  1,         0,     30758,  31889210, ctl,  0, 64,  0,    
  516,  1,         0,     30758,  31889210, ctl,  0, 64,  0,    
  517,  1,        12,     30770,  31899863, nof,  0, 67,  0,    
  518,  1,         0,     30770,  31899863, nof,  0, 71,  0,    
  519,  1,       223,     30993,  32097838, ctl,  0, 64,127,    
  520,  1,         0,     30993,  32097838, ctl,  0, 64,127,    
  521,  1,         0,     30993,  32097838, ctl,  0, 64,127,    
  522,  1,         0,     30993,  32097838, ctl,  0, 64,127,    
  523,  1,       239,     31232,  32310018, nof,  0, 60,  0,    
  524,  1,         0,     31232,  32310018, nof,  0, 66,  0,    
  525,  1,         0,     31232,  32310018, nof,  0, 70,  0,    
  526,  1,         0,     31232,  32310018, non,  0, 60, 20,  C4
  527,  1,         0,     31232,  32310018, non,  0, 64, 36,  E4
  528,  1,         0,     31232,  32310018, nof,  0, 52,  0,    
  529,  1,         0,     31232,  32310018, non,  0, 47, 25,  B2
  530,  1,         0,     31232,  32310018, non,  0, 55, 18,  G3
  531,  1,        32,     31264,  32338427, ctl,  0, 64,127,    
  532,  1,         0,     31264,  32338427, ctl,  0, 64,127,    
  533,  1,         0,     31264,  32338427, ctl,  0, 64,127,    
  534,  1,         0,     31264,  32338427, ctl,  0, 64,127,    
  535,  1,        65,     31329,  32396132, ctl,  0, 64,  0,    
  536,  1,         0,     31329,  32396132, ctl,  0, 64,  0,    
  537,  1,         0,     31329,  32396132, ctl,  0, 64,  0,    
  538,  1,         0,     31329,  32396132, ctl,  0, 64,  0,    
  539,  1,       162,     31491,  32539952, ctl,  0, 64,127,    
  540,  1,         0,     31491,  32539952, ctl,  0, 64,127,    
  541,  1,         0,     31491,  32539952, ctl,  0, 64,127,    
  542,  1,         0,     31491,  32539952, ctl,  0, 64,127,    
   48,  0,      1024,     31744,  32764561,tempo,49,bpm,,    
  543,  1,       253,     31744,  32764561, nof,  0, 60,  0,    
  544,  1,         0,     31744,  32764561, nof,  0, 64,  0,    
  545,  1,         0,     31744,  32764561, non,  0, 60, 22,  C4
  546,  1,         0,     31744,  32764561, non,  0, 64, 22,  E4
  547,  1,         0,     31744,  32764561, non,  0, 67, 22,  G4
  548,  1,         0,     31744,  32764561, non,  0, 71, 22,  B4
  549,  1,         0,     31744,  32764561, non,  0, 72, 22,  C5
  550,  1,         0,     31744,  32764561, non,  0, 76, 22,  E5
  551,  1,         0,     31744,  32764561, non,  0, 79, 22,  G5
  552,  1,         0,     31744,  32764561, non,  0, 83, 43,  B5
   49,  0,       512,     32256,  33376805,tempo,55,bpm,,    
  553,  1,       512,     32256,  33376805, nof,  0, 60,  0,    
  554,  1,         0,     32256,  33376805, nof,  0, 64,  0,    
  555,  1,         0,     32256,  33376805, nof,  0, 67,  0,    
  556,  1,         0,     32256,  33376805, nof,  0, 71,  0,    
  557,  1,         0,     32256,  33376805, nof,  0, 72,  0,    
  558,  1,         0,     32256,  33376805, nof,  0, 76,  0,    
  559,  1,         0,     32256,  33376805, nof,  0, 79,  0,    
  560,  1,         0,     32256,  33376805, nof,  0, 83,  0,    
  561,  1,         0,     32256,  33376805, non,  0, 60, 22,  C4
  562,  1,         0,     32256,  33376805, non,  0, 67, 22,  G4
  563,  1,         0,     32256,  33376805, non,  0, 71, 36,  B4
  564,  1,         0,     32256,  33376805, nof,  0, 47,  0,    
  565,  1,         0,     32256,  33376805, nof,  0, 55,  0,    
  566,  1,         0,     32256,  33376805, non,  0, 52, 25,  E3
  567,  1,        20,     32276,  33398111, ctl,  0, 64,  0,    
  568,  1,         0,     32276,  33398111, ctl,  0, 64,  0,    
  569,  1,         0,     32276,  33398111, ctl,  0, 64,  0,    
  570,  1,         0,     32276,  33398111, ctl,  0, 64,  0,    
  571,  1,       226,     32502,  33638878, ctl,  0, 64,127,    
  572,  1,         0,     32502,  33638878, ctl,  0, 64,127,    
  573,  1,         0,     32502,  33638878, ctl,  0, 64,127,    
  574,  1,         0,     32502,  33638878, ctl,  0, 64,127,    
   50,  0,       512,     32768,  33922258,tempo,66,bpm,,    
  575,  1,       266,     32768,  33922258, non,  0, 79, 46,  G5
   51,  0,       512,     33280,  34376803,tempo,60,bpm,,    
  576,  1,       512,     33280,  34376803, ctl,  0, 64,  0,    
  577,  1,         0,     33280,  34376803, ctl,  0, 64,  0,    
  578,  1,         0,     33280,  34376803, ctl,  0, 64,127,    
  579,  1,         0,     33280,  34376803, ctl,  0, 64,  0,    
  580,  1,         0,     33280,  34376803, ctl,  0, 64,  0,    
  581,  1,         0,     33280,  34376803, nof,  0, 60,  0,    
  582,  1,         0,     33280,  34376803, nof,  0, 67,  0,    
  583,  1,         0,     33280,  34376803, nof,  0, 71,  0,    
  584,  1,         0,     33280,  34376803, nof,  0, 79,  0,    
  585,  1,         0,     33280,  34376803, nof,  0, 52,  0,    
  586,  1,         0,     33280,  34376803, non,  0, 67, 18,  G4
  587,  1,         0,     33280,  34376803, non,  0, 72, 18,  C5
  588,  1,         0,     33280,  34376803, non,  0, 76, 39,  E5
  589,  1,         0,     33280,  34376803, non,  0, 58, 16, A#3
   52,  0,       512,     33792,  34876803,tempo,66,bpm,,    
  590,  1,       512,     33792,  34876803, nof,  0, 67,  0,    
  591,  1,         0,     33792,  34876803, nof,  0, 72,  0,    
  592,  1,         0,     33792,  34876803, nof,  0, 76,  0,    
  593,  1,         0,     33792,  34876803, non,  0, 67, 26,  G4
  594,  1,         0,     33792,  34876803, non,  0, 71, 39,  B4
  595,  1,         0,     33792,  34876803, nof,  0, 58,  0,    
  596,  1,         0,     33792,  34876803, non,  0, 52, 16,  E3
  597,  1,         0,     33792,  34876803, non,  0, 60,  9,  C4
  598,  1,        38,     33830,  34910538, ctl,  0, 64,  0,    
  599,  1,         0,     33830,  34910538, ctl,  0, 64,  0,    
  600,  1,       235,     34065,  35119167, ctl,  0, 64,127,    
  601,  1,         0,     34065,  35119167, ctl,  0, 64,127,    
  602,  1,       117,     34182,  35223037, ctl,  0, 64,127,    
  603,  1,       122,     34304,  35331346, nof,  0, 67,  0,    
  604,  1,         0,     34304,  35331346, nof,  0, 71,  0,    
  605,  1,         0,     34304,  35331346, non,  0, 79, 44,  G5
   53,  0,      1024,     34816,  35785891,tempo,49,bpm,,    
  606,  1,       512,     34816,  35785891, nof,  0, 79,  0,    
  607,  1,         0,     34816,  35785891, non,  0, 67, 20,  G4
  608,  1,         0,     34816,  35785891, non,  0, 72, 20,  C5
  609,  1,         0,     34816,  35785891, non,  0, 76, 41,  E5
  610,  1,         0,     34816,  35785891, nof,  0, 52,  0,    
  611,  1,         0,     34816,  35785891, nof,  0, 60,  0,    
  612,  1,         0,     34816,  35785891, non,  0, 58, 16, A#3
  613,  1,        99,     34915,  35904274, ctl,  0, 64,  0,    
  614,  1,       281,     35196,  36240291, ctl,  0, 64,127,    
   54,  0,       512,     35328,  36398135,tempo,40,bpm,,    
  615,  1,       132,     35328,  36398135, nof,  0, 67,  0,    
  616,  1,         0,     35328,  36398135, nof,  0, 72,  0,    
  617,  1,         0,     35328,  36398135, nof,  0, 76,  0,    
  618,  1,         0,     35328,  36398135, non,  0, 67, 26,  G4
  619,  1,         0,     35328,  36398135, non,  0, 71, 46,  B4
  620,  1,         0,     35328,  36398135, nof,  0, 58,  0,    
  621,  1,         0,     35328,  36398135, non,  0, 52,  8,  E3
  622,  1,         0,     35328,  36398135, non,  0, 60,  1,  C4
  623,  1,        94,     35422,  36535830, ctl,  0, 64,  0,    
  624,  1,       113,     35535,  36701357, ctl,  0, 64,127,    
   55,  0,       512,     35840,  37148134,tempo,34,bpm,,    
  625,  1,       305,     35840,  37148134, nof,  0, 67,  0,    
  626,  1,         0,     35840,  37148134, nof,  0, 71,  0,    
  627,  1,         0,     35840,  37148134, non,  0, 67, 42,  G4
   56,  0,       512,     36352,  38030486,tempo,55,bpm,,    
  628,  1,       512,     36352,  38030486, ctl,  0, 64,  0,    
  629,  1,         0,     36352,  38030486, ctl,  0, 64,  0,    
  630,  1,         0,     36352,  38030486, ctl,  0, 64,127,    
  631,  1,         0,     36352,  38030486, ctl,  0, 64,  0,    
  632,  1,         0,     36352,  38030486, ctl,  0, 64,  0,    
  633,  1,         0,     36352,  38030486, ctl,  0, 64,  0,    
  634,  1,         0,     36352,  38030486, nof,  0, 67,  0,    
  635,  1,         0,     36352,  38030486, nof,  0, 52,  0,    
  636,  1,         0,     36352,  38030486, nof,  0, 60,  0,    
  637,  1,         0,     36352,  38030486, non,  0, 60, 30,  C4
  638,  1,         0,     36352,  38030486, non,  0, 64, 46,  E4
  639,  1,         0,     36352,  38030486, non,  0, 46, 10, A#2
  640,  1,         0,     36352,  38030486, non,  0, 55, 17,  G3
  641,  1,       338,     36690,  38390571, ctl,  0, 64,127,    
  642,  1,       686,     37376,  39121394, nof,  0, 55,  0,    
  643,  1,         0,     37376,  39121394, non,  0, 54, 25, F#3
  644,  1,        56,     37432,  39181053, ctl,  0, 64,  0,    
  645,  1,       439,     37871,  39648737, ctl,  0, 64,127,    
   57,  0,      2048,     38400,  40212302,tempo,60,bpm,,    
  646,  1,       529,     38400,  40212302, nof,  0, 60,  0,    
  647,  1,         0,     38400,  40212302, nof,  0, 64,  0,    
  648,  1,         0,     38400,  40212302, non,  0, 60, 22,  C4
  649,  1,         0,     38400,  40212302, non,  0, 64, 44,  E4
  650,  1,         0,     38400,  40212302, nof,  0, 46,  0,    
  651,  1,         0,     38400,  40212302, nof,  0, 54,  0,    
  652,  1,         0,     38400,  40212302, non,  0, 45,  6,  A2
  653,  1,         0,     38400,  40212302, non,  0, 53, 13,  F3
  654,  1,        79,     38479,  40289450, ctl,  0, 64,  0,    
  655,  1,       304,     38783,  40586325, ctl,  0, 64,127,    
  656,  1,       129,     38912,  40712301, nof,  0, 60,  0,    
  657,  1,         0,     38912,  40712301, nof,  0, 64,  0,    
  658,  1,         0,     38912,  40712301, non,  0, 72, 47,  C5
   58,  0,      1024,     39424,  41212301,tempo,49,bpm,,    
  659,  1,       512,     39424,  41212301, ctl,  0, 64,  0,    
  660,  1,         0,     39424,  41212301, ctl,  0, 64,  0,    
  661,  1,         0,     39424,  41212301, ctl,  0, 64,127,    
  662,  1,         0,     39424,  41212301, ctl,  0, 64,  0,    
  663,  1,         0,     39424,  41212301, nof,  0, 72,  0,    
  664,  1,         0,     39424,  41212301, nof,  0, 45,  0,    
  665,  1,         0,     39424,  41212301, nof,  0, 53,  0,    
  666,  1,         0,     39424,  41212301, non,  0, 71, 48,  B4
  667,  1,         0,     39424,  41212301, non,  0, 51, 17, D#3
  668,  1,         0,     39424,  41212301, non,  0, 60, 17,  C4
  669,  1,         0,     39424,  41212301, non,  0, 65, 25,  F4
  670,  1,       203,     39627,  41455046, ctl,  0, 64,  0,    
  671,  1,       303,     39930,  41817370, ctl,  0, 64,127,    
   59,  0,      1024,     40448,  42436789,tempo,66,bpm,,    
  672,  1,       518,     40448,  42436789, nof,  0, 71,  0,    
  673,  1,         0,     40448,  42436789, non,  0, 69, 36,  A4
  674,  1,        90,     40538,  42516689, ctl,  0, 64,  0,    
  675,  1,       371,     40909,  42846056, ctl,  0, 64,127,    
  676,  1,       563,     41472,  43345877, nof,  0, 69,  0,    
  677,  1,         0,     41472,  43345877, non,  0, 71, 42,  B4
   60,  0,      1536,     41984,  43800422,tempo,60,bpm,,    
  678,  1,       512,     41984,  43800422, nof,  0, 71,  0,    
  679,  1,         0,     41984,  43800422, non,  0, 69, 38,  A4
  680,  1,       512,     42496,  44300422, ctl,  0, 64,  0,    
  681,  1,         0,     42496,  44300422, ctl,  0, 64,  0,    
  682,  1,         0,     42496,  44300422, ctl,  0, 64,127,    
  683,  1,         0,     42496,  44300422, ctl,  0, 64,  0,    
  684,  1,         0,     42496,  44300422, nof,  0, 69,  0,    
  685,  1,         0,     42496,  44300422, nof,  0, 51,  0,    
  686,  1,         0,     42496,  44300422, nof,  0, 60,  0,    
  687,  1,         0,     42496,  44300422, nof,  0, 65,  0,    
  688,  1,         0,     42496,  44300422, non,  0, 69, 32,  A4
  689,  1,         0,     42496,  44300422, non,  0, 52, 19,  E3
  690,  1,         0,     42496,  44300422, non,  0, 60, 26,  C4
  691,  1,         0,     42496,  44300422, non,  0, 64, 26,  E4
  692,  1,       163,     42659,  44459601, ctl,  0, 64,  0,    
  693,  1,       218,     42877,  44672491, ctl,  0, 64,127,    
   61,  0,      1024,     43008,  44800420,tempo,66,bpm,,    
  694,  1,       131,     43008,  44800420, nof,  0, 69,  0,    
  695,  1,         0,     43008,  44800420, non,  0, 68, 31, G#4
  696,  1,       512,     43520,  45254965, nof,  0, 68,  0,    
  697,  1,         0,     43520,  45254965, non,  0, 67, 30,  G4
  698,  1,         9,     43529,  45262955, ctl,  0, 64,  0,    
  699,  1,       245,     43774,  45480461, ctl,  0, 64,127,    
   62,  0,      1024,     44032,  45709509,tempo,40,bpm,,    
  700,  1,       258,     44032,  45709509, nof,  0, 67,  0,    
  701,  1,         0,     44032,  45709509, non,  0, 76, 35,  E5
  702,  1,         0,     44032,  45709509, nof,  0, 64,  0,    
  703,  1,        68,     44100,  45809118, ctl,  0, 64,  0,    
  704,  1,       188,     44288,  46084508, nof,  0, 52,  0,    
  705,  1,         0,     44288,  46084508, nof,  0, 60,  0,    
  706,  1,        90,     44378,  46216343, nof,  0, 76,  0,    
   63,  0,       512,     44544,  46459507,tempo,49,bpm,,    
  707,  1,       166,     44544,  46459507, non,  0, 58, 31, A#3
  708,  1,         0,     44544,  46459507, non,  0, 62, 44,  D4
  709,  1,         0,     44544,  46459507, non,  0, 43, 17,  G2
  710,  1,         0,     44544,  46459507, non,  0, 51, 17, D#3
  711,  1,       127,     44671,  46611372, ctl,  0, 64,127,    
   64,  0,       512,     45056,  47071751,tempo,60,bpm,,    
  712,  1,       385,     45056,  47071751, nof,  0, 58,  0,    
  713,  1,         0,     45056,  47071751, nof,  0, 62,  0,    
  714,  1,         0,     45056,  47071751, non,  0, 70, 39, A#4
   65,  0,       512,     45568,  47571751,tempo,49,bpm,,    
  715,  1,       512,     45568,  47571751, ctl,  0, 64,  0,    
  716,  1,         0,     45568,  47571751, ctl,  0, 64,  0,    
  717,  1,         0,     45568,  47571751, ctl,  0, 64,  0,    
  718,  1,         0,     45568,  47571751, ctl,  0, 64,127,    
  719,  1,         0,     45568,  47571751, ctl,  0, 64,  0,    
  720,  1,         0,     45568,  47571751, ctl,  0, 64,  0,    
  721,  1,         0,     45568,  47571751, nof,  0, 70,  0,    
  722,  1,         0,     45568,  47571751, nof,  0, 43,  0,    
  723,  1,         0,     45568,  47571751, nof,  0, 51,  0,    
  724,  1,         0,     45568,  47571751, non,  0, 69, 50,  A4
  725,  1,         0,     45568,  47571751, non,  0, 49, 15, C#3
  726,  1,         0,     45568,  47571751, non,  0, 58, 15, A#3
  727,  1,         0,     45568,  47571751, non,  0, 63, 23, D#4
  728,  1,       203,     45771,  47814496, ctl,  0, 64,  0,    
  729,  1,       303,     46074,  48176820, ctl,  0, 64,127,    
   66,  0,      1024,     46592,  48796239,tempo,60,bpm,,    
  730,  1,       518,     46592,  48796239, nof,  0, 69,  0,    
  731,  1,         0,     46592,  48796239, non,  0, 67, 32,  G4
  732,  1,        90,     46682,  48884129, ctl,  0, 64,  0,    
  733,  1,       371,     47053,  49246433, ctl,  0, 64,127,    
   67,  0,      1024,     47616,  49796237,tempo,55,bpm,,    
  734,  1,       563,     47616,  49796237, nof,  0, 67,  0,    
  735,  1,         0,     47616,  49796237, non,  0, 69, 42,  A4
   68,  0,       512,     48128,  50341691,tempo,60,bpm,,    
  736,  1,       512,     48128,  50341691, nof,  0, 69,  0,    
  737,  1,         0,     48128,  50341691, non,  0, 67, 38,  G4
   69,  0,       512,     48640,  50841691,tempo,49,bpm,,    
  738,  1,       512,     48640,  50841691, ctl,  0, 64,  0,    
  739,  1,         0,     48640,  50841691, ctl,  0, 64,  0,    
  740,  1,         0,     48640,  50841691, ctl,  0, 64,  0,    
  741,  1,         0,     48640,  50841691, ctl,  0, 64,127,    
  742,  1,         0,     48640,  50841691, ctl,  0, 64,  0,    
  743,  1,         0,     48640,  50841691, ctl,  0, 64,  0,    
  744,  1,         0,     48640,  50841691, nof,  0, 67,  0,    
  745,  1,         0,     48640,  50841691, nof,  0, 49,  0,    
  746,  1,         0,     48640,  50841691, nof,  0, 58,  0,    
  747,  1,         0,     48640,  50841691, nof,  0, 63,  0,    
  748,  1,         0,     48640,  50841691, non,  0, 67, 32,  G4
  749,  1,         0,     48640,  50841691, non,  0, 50, 19,  D3
  750,  1,         0,     48640,  50841691, non,  0, 58, 26, A#3
  751,  1,         0,     48640,  50841691, non,  0, 62, 26,  D4
  752,  1,       163,     48803,  51036604, ctl,  0, 64,  0,    
  753,  1,       218,     49021,  51297286, ctl,  0, 64,127,    
   70,  0,       512,     49152,  51453934,tempo,60,bpm,,    
  754,  1,       131,     49152,  51453934, nof,  0, 67,  0,    
  755,  1,         0,     49152,  51453934, non,  0, 66, 31, F#4
   71,  0,       512,     49664,  51953934,tempo,55,bpm,,    
  756,  1,       512,     49664,  51953934, nof,  0, 66,  0,    
  757,  1,         0,     49664,  51953934, non,  0, 65, 27,  F4
  758,  1,         9,     49673,  51963522, ctl,  0, 64,  0,    
  759,  1,       245,     49918,  52224530, ctl,  0, 64,127,    
   72,  0,       512,     50176,  52499387,tempo,40,bpm,,    
  760,  1,       258,     50176,  52499387, nof,  0, 65,  0,    
  761,  1,         0,     50176,  52499387, non,  0, 74, 35,  D5
  762,  1,        68,     50244,  52598996, ctl,  0, 64,  0,    
   73,  0,       512,     50688,  53249386,tempo,55,bpm,,    
  763,  1,       444,     50688,  53249386, nof,  0, 74,  0,    
  764,  1,         0,     50688,  53249386, non,  0, 53, 21,  F3
  765,  1,         0,     50688,  53249386, non,  0, 57, 37,  A3
  766,  1,         0,     50688,  53249386, nof,  0, 50,  0,    
  767,  1,         0,     50688,  53249386, nof,  0, 58,  0,    
  768,  1,         0,     50688,  53249386, nof,  0, 62,  0,    
  769,  1,         0,     50688,  53249386, non,  0, 38, 23,  D2
  770,  1,         0,     50688,  53249386, non,  0, 46, 14, A#2
  771,  1,       127,     50815,  53384684, ctl,  0, 64,127,    
   74,  0,       512,     51200,  53794840,tempo,49,bpm,,    
  772,  1,       385,     51200,  53794840, nof,  0, 53,  0,    
  773,  1,         0,     51200,  53794840, nof,  0, 57,  0,    
  774,  1,         0,     51200,  53794840, non,  0, 65, 46,  F4
   75,  0,       512,     51712,  54407084,tempo,60,bpm,,    
  775,  1,       512,     51712,  54407084, ctl,  0, 64,  0,    
  776,  1,         0,     51712,  54407084, ctl,  0, 64,127,    
  777,  1,         0,     51712,  54407084, nof,  0, 65,  0,    
  778,  1,         0,     51712,  54407084, nof,  0, 38,  0,    
  779,  1,         0,     51712,  54407084, nof,  0, 46,  0,    
  780,  1,         0,     51712,  54407084, non,  0, 55, 38,  G3
  781,  1,         0,     51712,  54407084, non,  0, 62, 50,  D4
  782,  1,         0,     51712,  54407084, non,  0, 39, 20, D#2
  783,  1,         0,     51712,  54407084, non,  0, 46, 29, A#2
  784,  1,       246,     51958,  54647318, ctl,  0, 64,  0,    
  785,  1,       327,     52285,  54966653, ctl,  0, 64,127,    
   76,  0,      1024,     52736,  55407082,tempo,55,bpm,,    
  786,  1,       451,     52736,  55407082, nof,  0, 62,  0,    
  787,  1,         0,     52736,  55407082, non,  0, 61, 36, C#4
  788,  1,         0,     52736,  55407082, nof,  0, 46,  0,    
  789,  1,         0,     52736,  55407082, non,  0, 45, 22,  A2
  790,  1,       164,     52900,  55581797, ctl,  0, 64,  0,    
  791,  1,       106,     53006,  55694723, ctl,  0, 64,127,    
   77,  0,       512,     53248,  55952535,tempo,49,bpm,,    
  792,  1,       242,     53248,  55952535, nof,  0, 55,  0,    
  793,  1,         0,     53248,  55952535, nof,  0, 61,  0,    
  794,  1,         0,     53248,  55952535, non,  0, 53, 26,  F3
  795,  1,         0,     53248,  55952535, nof,  0, 39,  0,    
  796,  1,         0,     53248,  55952535, nof,  0, 45,  0,    
  797,  1,         0,     53248,  55952535, non,  0, 38,  7,  D2
  798,  1,         0,     53248,  55952535, non,  0, 46, 16, A#2
  799,  1,        23,     53271,  55980038, ctl,  0, 64,  0,    
  800,  1,       281,     53552,  56316055, ctl,  0, 64,127,    
   78,  0,       512,     53760,  56564779,tempo,66,bpm,,    
  801,  1,       208,     53760,  56564779, non,  0, 57, 42,  A3
  802,  1,       512,     54272,  57019324, nof,  0, 57,  0,    
  803,  1,         0,     54272,  57019324, non,  0, 65, 50,  F4
   79,  0,      1024,     54784,  57473869,tempo,49,bpm,,    
  804,  1,       512,     54784,  57473869, ctl,  0, 64,  0,    
  805,  1,         0,     54784,  57473869, ctl,  0, 64,127,    
  806,  1,         0,     54784,  57473869, nof,  0, 53,  0,    
  807,  1,         0,     54784,  57473869, nof,  0, 65,  0,    
  808,  1,         0,     54784,  57473869, nof,  0, 38,  0,    
  809,  1,         0,     54784,  57473869, nof,  0, 46,  0,    
  810,  1,         0,     54784,  57473869, non,  0, 62, 50,  D4
  811,  1,         0,     54784,  57473869, non,  0, 39, 20, D#2
  812,  1,         0,     54784,  57473869, non,  0, 45, 20,  A2
  813,  1,         0,     54784,  57473869, non,  0, 54, 37, F#3
  814,  1,        94,     54878,  57586273, ctl,  0, 64,  0,    
  815,  1,       140,     55018,  57753683, ctl,  0, 64,127,    
   80,  0,       512,     55296,  58086112,tempo,66,bpm,,    
  816,  1,       278,     55296,  58086112, nof,  0, 45,  0,    
  817,  1,         0,     55296,  58086112, non,  0, 46, 20, A#2
  818,  1,         0,     55296,  58086112, non,  0, 55, 34,  G3
  819,  1,        40,     55336,  58121623, nof,  0, 54,  0,    
  820,  1,       216,     55552,  58313384, nof,  0, 62,  0,    
  821,  1,         0,     55552,  58313384, non,  0, 61, 42, C#4
  822,  1,        43,     55595,  58351558, ctl,  0, 64,  0,    
  823,  1,       213,     55808,  58540655, nof,  0, 46,  0,    
  824,  1,         0,     55808,  58540655, non,  0, 45, 20,  A2
  825,  1,         0,     55808,  58540655, non,  0, 54, 31, F#3
  826,  1,         5,     55813,  58545093, ctl,  0, 64,127,    
  827,  1,        35,     55848,  58576165, nof,  0, 55,  0,    
   81,  0,      1024,     56320,  58995198,tempo,49,bpm,,    
  828,  1,       472,     56320,  58995198, nof,  0, 61,  0,    
  829,  1,         0,     56320,  58995198, non,  0, 53, 26,  F3
  830,  1,         0,     56320,  58995198, nof,  0, 39,  0,    
  831,  1,         0,     56320,  58995198, nof,  0, 45,  0,    
  832,  1,         0,     56320,  58995198, non,  0, 38, 20,  D2
  833,  1,         0,     56320,  58995198, non,  0, 46, 20, A#2
  834,  1,        23,     56343,  59022701, ctl,  0, 64,  0,    
  835,  1,        17,     56360,  59043029, nof,  0, 54,  0,    
  836,  1,       358,     56718,  59471121, ctl,  0, 64,127,    
   82,  0,       512,     56832,  59607441,tempo,66,bpm,,    
  837,  1,       114,     56832,  59607441, non,  0, 57, 43,  A3
  838,  1,       512,     57344,  60061986, nof,  0, 57,  0,    
  839,  1,         0,     57344,  60061986, non,  0, 65, 50,  F4
   83,  0,      1024,     57856,  60516531,tempo,49,bpm,,    
  840,  1,       512,     57856,  60516531, ctl,  0, 64,  0,    
  841,  1,         0,     57856,  60516531, ctl,  0, 64,127,    
  842,  1,         0,     57856,  60516531, nof,  0, 53,  0,    
  843,  1,         0,     57856,  60516531, nof,  0, 65,  0,    
  844,  1,         0,     57856,  60516531, nof,  0, 38,  0,    
  845,  1,         0,     57856,  60516531, nof,  0, 46,  0,    
  846,  1,         0,     57856,  60516531, non,  0, 62, 52,  D4
  847,  1,         0,     57856,  60516531, non,  0, 39, 20, D#2
  848,  1,         0,     57856,  60516531, non,  0, 47, 20,  B2
  849,  1,         0,     57856,  60516531, non,  0, 53, 20,  F3
  850,  1,         0,     57856,  60516531, non,  0, 57, 29,  A3
  851,  1,        94,     57950,  60628935, ctl,  0, 64,  0,    
  852,  1,       156,     58106,  60815478, ctl,  0, 64,127,    
   84,  0,       512,     58368,  61128774,tempo,66,bpm,,    
  853,  1,       262,     58368,  61128774, nof,  0, 62,  0,    
  854,  1,         0,     58368,  61128774, non,  0, 61, 47, C#4
  855,  1,        65,     58433,  61186479, ctl,  0, 64,  0,    
  856,  1,       187,     58620,  61352494, ctl,  0, 64,127,    
  857,  1,       260,     58880,  61583317, nof,  0, 61,  0,    
  858,  1,         0,     58880,  61583317, non,  0, 60, 41,  C4
  859,  1,         0,     58880,  61583317, nof,  0, 47,  0,    
  860,  1,         0,     58880,  61583317, non,  0, 48, 17,  C3
  861,  1,        68,     58948,  61643686, ctl,  0, 64,  0,    
  862,  1,       296,     59244,  61906469, ctl,  0, 64,127,    
  863,  1,       148,     59392,  62037860, nof,  0, 39,  0,    
  864,  1,         0,     59392,  62037860, nof,  0, 48,  0,    
  865,  1,         0,     59392,  62037860, nof,  0, 53,  0,    
  866,  1,         0,     59392,  62037860, nof,  0, 57,  0,    
  867,  1,         0,     59392,  62037860, non,  0, 40, 16,  E2
  868,  1,         0,     59392,  62037860, non,  0, 50, 16,  D3
  869,  1,         0,     59392,  62037860, non,  0, 52, 16,  E3
  870,  1,         0,     59392,  62037860, non,  0, 56, 23, G#3
   85,  0,      1536,     59904,  62492405,tempo,60,bpm,,    
  871,  1,       512,     59904,  62492405, nof,  0, 60,  0,    
  872,  1,         0,     59904,  62492405, non,  0, 59, 32,  B3
  873,  1,        88,     59992,  62578342, ctl,  0, 64,  0,    
  874,  1,       250,     60242,  62822482, ctl,  0, 64,127,    
   86,  0,       512,     60416,  62992403,tempo,55,bpm,,    
  875,  1,       174,     60416,  62992403, nof,  0, 59,  0,    
  876,  1,         0,     60416,  62992403, non,  0, 58, 27, A#3
  877,  1,       122,     60538,  63122374, ctl,  0, 64,  0,    
  878,  1,       156,     60694,  63288567, ctl,  0, 64,127,    
   87,  0,       512,     60928,  63537856,tempo,49,bpm,,    
  879,  1,       234,     60928,  63537856, ctl,  0, 64,127,    
  880,  1,         0,     60928,  63537856, ctl,  0, 64,127,    
  881,  1,         0,     60928,  63537856, ctl,  0, 64,  0,    
  882,  1,         0,     60928,  63537856, nof,  0, 58,  0,    
  883,  1,         0,     60928,  63537856, nof,  0, 40,  0,    
  884,  1,         0,     60928,  63537856, nof,  0, 50,  0,    
  885,  1,         0,     60928,  63537856, nof,  0, 52,  0,    
  886,  1,         0,     60928,  63537856, nof,  0, 56,  0,    
  887,  1,         0,     60928,  63537856, non,  0, 53, 20,  F3
  888,  1,         0,     60928,  63537856, non,  0, 57, 32,  A3
  889,  1,         0,     60928,  63537856, non,  0, 45,  8,  A2
  890,  1,         0,     60928,  63537856, non,  0, 48, 17,  C3
  891,  1,        94,     61022,  63650260, ctl,  0, 64,  0,    
  892,  1,       111,     61133,  63782992, ctl,  0, 64,  0,    
  893,  1,        29,     61162,  63817669, ctl,  0, 64,127,    
  894,  1,       140,     61302,  63985079, ctl,  0, 64,127,    
  895,  1,       437,     61739,  64507639, ctl,  0, 64,  0,    
  896,  1,       213,     61952,  64762342, nof,  0, 45,  0,    
  897,  1,         0,     61952,  64762342, nof,  0, 48,  0,    
  898,  1,         0,     61952,  64762342, non,  0, 39, 13, D#2
  899,  1,         0,     61952,  64762342, non,  0, 47, 22,  B2
  900,  1,         5,     61957,  64768320, ctl,  0, 64,127,    
  901,  1,        47,     62004,  64824522, ctl,  0, 64,  0,    
  902,  1,       218,     62222,  65085204, ctl,  0, 64,127,    
   88,  0,      1536,     62464,  65374585,tempo,49,bpm,,    
  903,  1,       265,     62487,  65402088, ctl,  0, 64,  0,    
  904,  1,       375,     62862,  65850509, ctl,  0, 64,127,    
   89,  0,       512,     62976,  65986829,tempo,60,bpm,,    
  905,  1,       114,     62976,  65986829, nof,  0, 53,  0,    
  906,  1,         0,     62976,  65986829, nof,  0, 57,  0,    
  907,  1,         0,     62976,  65986829, non,  0, 53, 23,  F3
  908,  1,         0,     62976,  65986829, non,  0, 57, 35,  A3
  909,  1,         0,     62976,  65986829, nof,  0, 39,  0,    
  910,  1,         0,     62976,  65986829, nof,  0, 47,  0,    
  911,  1,         0,     62976,  65986829, non,  0, 38, 11,  D2
  912,  1,         0,     62976,  65986829, non,  0, 46, 20, A#2
  913,  1,        88,     63064,  66072766, ctl,  0, 64,  0,    
  914,  1,       234,     63298,  66301281, ctl,  0, 64,127,    
  915,  1,       190,     63488,  66486827, nof,  0, 53,  0,    
  916,  1,         0,     63488,  66486827, non,  0, 65, 43,  F4
   90,  0,      1024,     64000,  66986827,tempo,45,bpm,,    
  917,  1,       512,     64000,  66986827, ctl,  0, 64,  0,    
  918,  1,         0,     64000,  66986827, ctl,  0, 64,127,    
  919,  1,         0,     64000,  66986827, ctl,  0, 64,  0,    
  920,  1,         0,     64000,  66986827, nof,  0, 57,  0,    
  921,  1,         0,     64000,  66986827, nof,  0, 65,  0,    
  922,  1,         0,     64000,  66986827, nof,  0, 38,  0,    
  923,  1,         0,     64000,  66986827, nof,  0, 46,  0,    
  924,  1,         0,     64000,  66986827, non,  0, 62, 44,  D4
  925,  1,         0,     64000,  66986827, non,  0, 39, 15, D#2
  926,  1,         0,     64000,  66986827, non,  0, 47, 15,  B2
  927,  1,         0,     64000,  66986827, non,  0, 53, 15,  F3
  928,  1,         0,     64000,  66986827, non,  0, 57, 24,  A3
  929,  1,        94,     64094,  67109222, ctl,  0, 64,  0,    
  930,  1,       156,     64250,  67312346, ctl,  0, 64,127,    
   91,  0,       512,     64512,  67653491,tempo,60,bpm,,    
  931,  1,       262,     64512,  67653491, nof,  0, 62,  0,    
  932,  1,         0,     64512,  67653491, non,  0, 61, 41, C#4
  933,  1,        65,     64577,  67716967, ctl,  0, 64,  0,    
  934,  1,       187,     64764,  67899584, ctl,  0, 64,127,    
  935,  1,       260,     65024,  68153490, nof,  0, 61,  0,    
  936,  1,         0,     65024,  68153490, non,  0, 60, 37,  C4
  937,  1,         0,     65024,  68153490, nof,  0, 47,  0,    
  938,  1,         0,     65024,  68153490, non,  0, 48, 15,  C3
  939,  1,        68,     65092,  68219896, ctl,  0, 64,  0,    
  940,  1,       296,     65388,  68508958, ctl,  0, 64,127,    
  941,  1,       148,     65536,  68653489, nof,  0, 39,  0,    
  942,  1,         0,     65536,  68653489, nof,  0, 48,  0,    
  943,  1,         0,     65536,  68653489, nof,  0, 53,  0,    
  944,  1,         0,     65536,  68653489, nof,  0, 57,  0,    
  945,  1,         0,     65536,  68653489, non,  0, 40, 15,  E2
  946,  1,         0,     65536,  68653489, non,  0, 50, 15,  D3
  947,  1,         0,     65536,  68653489, non,  0, 52, 15,  E3
  948,  1,         0,     65536,  68653489, non,  0, 56, 24, G#3
   92,  0,      1536,     66048,  69153489,tempo,45,bpm,,    
  949,  1,       512,     66048,  69153489, nof,  0, 60,  0,    
  950,  1,         0,     66048,  69153489, non,  0, 59, 30,  B3
  951,  1,        88,     66136,  69268072, ctl,  0, 64,  0,    
  952,  1,       250,     66386,  69593592, ctl,  0, 64,127,    
   93,  0,       512,     66560,  69820154,tempo,40,bpm,,    
  953,  1,       174,     66560,  69820154, nof,  0, 59,  0,    
  954,  1,         0,     66560,  69820154, non,  0, 58, 27, A#3
  955,  1,       122,     66682,  69998864, ctl,  0, 64,  0,    
  956,  1,       156,     66838,  70227379, ctl,  0, 64,127,    
  957,  1,       234,     67072,  70570152, ctl,  0, 64,  0,    
  958,  1,         0,     67072,  70570152, ctl,  0, 64,127,    
  959,  1,         0,     67072,  70570152, ctl,  0, 64,  0,    
  960,  1,         0,     67072,  70570152, nof,  0, 58,  0,    
  961,  1,         0,     67072,  70570152, nof,  0, 40,  0,    
  962,  1,         0,     67072,  70570152, nof,  0, 50,  0,    
  963,  1,         0,     67072,  70570152, nof,  0, 52,  0,    
  964,  1,         0,     67072,  70570152, nof,  0, 56,  0,    
  965,  1,         0,     67072,  70570152, non,  0, 53, 10,  F3
  966,  1,         0,     67072,  70570152, non,  0, 57, 26,  A3
  967,  1,         0,     67072,  70570152, non,  0, 45, 11,  A2
  968,  1,         0,     67072,  70570152, non,  0, 48,  4,  C3
  969,  1,       109,     67181,  70729819, ctl,  0, 64,  0,    
  970,  1,       187,     67368,  71003744, ctl,  0, 64,127,    
  971,  1,        94,     67462,  71141439, ctl,  0, 64,127,    
   94,  0,      1024,     67584,  71320149,tempo,60,bpm,,    
  972,  1,       122,     67584,  71320149, non,  0, 65, 26,  F4
  973,  1,         0,     67584,  71320149, nof,  0, 45,  0,    
  974,  1,         0,     67584,  71320149, nof,  0, 48,  0,    
  975,  1,         0,     67584,  71320149, non,  0, 39, 11, D#2
  976,  1,         0,     67584,  71320149, non,  0, 47,  4,  B2
  977,  1,       112,     67696,  71429524, ctl,  0, 64,  0,    
  978,  1,       296,     67992,  71718586, ctl,  0, 64,127,    
   95,  0,      2560,     70144,  73820148,tempo,45,bpm,,    
  979,  1,      2152,     70144,  73820148, ctl,  0, 64,  0,    
  980,  1,         0,     70144,  73820148, ctl,  0, 64,127,    
  981,  1,         0,     70144,  73820148, ctl,  0, 64,  0,    
  982,  1,         0,     70144,  73820148, ctl,  0, 64,  0,    
  983,  1,         0,     70144,  73820148, nof,  0, 53,  0,    
  984,  1,         0,     70144,  73820148, nof,  0, 57,  0,    
  985,  1,         0,     70144,  73820148, nof,  0, 65,  0,    
  986,  1,         0,     70144,  73820148, nof,  0, 39,  0,    
  987,  1,         0,     70144,  73820148, nof,  0, 47,  0,    
  988,  1,         0,     70144,  73820148, non,  0, 53, 21,  F3
  989,  1,         0,     70144,  73820148, non,  0, 60, 21,  C4
  990,  1,         0,     70144,  73820148, non,  0, 64, 33,  E4
  991,  1,         0,     70144,  73820148, non,  0, 45, 23,  A2
  992,  1,         0,     70144,  73820148, non,  0, 48, 16,  C3
  993,  1,       109,     70253,  73962075, ctl,  0, 64,  0,    
  994,  1,       187,     70440,  74205564, ctl,  0, 64,127,    
  995,  1,        94,     70534,  74327959, ctl,  0, 64,127,    
   96,  0,       512,     70656,  74486813,tempo,60,bpm,,    
  996,  1,       122,     70656,  74486813, nof,  0, 64,  0,    
  997,  1,         0,     70656,  74486813, non,  0, 65, 26,  F4
  998,  1,         0,     70656,  74486813, non,  0, 69, 41,  A4
  999,  1,         0,     70656,  74486813, nof,  0, 45,  0,    
 1000,  1,         0,     70656,  74486813, nof,  0, 48,  0,    
 1001,  1,         0,     70656,  74486813, non,  0, 39, 23, D#2
 1002,  1,         0,     70656,  74486813, non,  0, 48, 16,  C3
 1003,  1,       112,     70768,  74596188, ctl,  0, 64,  0,    
 1004,  1,       296,     71064,  74885250, ctl,  0, 64,127,    
   97,  0,      2560,     73216,  76986812,tempo,34,bpm,,    
 1005,  1,      2152,     73216,  76986812, ctl,  0, 64,  0,    
 1006,  1,         0,     73216,  76986812, ctl,  0, 64,127,    
 1007,  1,         0,     73216,  76986812, ctl,  0, 64,  0,    
 1008,  1,         0,     73216,  76986812, ctl,  0, 64,  0,    
 1009,  1,         0,     73216,  76986812, nof,  0, 53,  0,    
 1010,  1,         0,     73216,  76986812, nof,  0, 60,  0,    
 1011,  1,         0,     73216,  76986812, nof,  0, 65,  0,    
 1012,  1,         0,     73216,  76986812, nof,  0, 69,  0,    
 1013,  1,         0,     73216,  76986812, nof,  0, 39,  0,    
 1014,  1,         0,     73216,  76986812, nof,  0, 48,  0,    
 1015,  1,         0,     73216,  76986812, non,  0, 53, 21,  F3
 1016,  1,         0,     73216,  76986812, non,  0, 60, 21,  C4
 1017,  1,         0,     73216,  76986812, non,  0, 64, 33,  E4
 1018,  1,         0,     73216,  76986812, non,  0, 45, 23,  A2
 1019,  1,         0,     73216,  76986812, non,  0, 48, 16,  C3
 1020,  1,       109,     73325,  77174656, ctl,  0, 64,  0,    
 1021,  1,       187,     73512,  77496921, ctl,  0, 64,127,    
 1022,  1,        94,     73606,  77658915, ctl,  0, 64,127,    
   98,  0,       512,     73728,  77869163,tempo,60,bpm,,    
 1023,  1,       122,     73728,  77869163, nof,  0, 64,  0,    
 1024,  1,         0,     73728,  77869163, non,  0, 65, 26,  F4
 1025,  1,         0,     73728,  77869163, non,  0, 69, 26,  A4
 1026,  1,         0,     73728,  77869163, non,  0, 72, 44,  C5
 1027,  1,         0,     73728,  77869163, nof,  0, 45,  0,    
 1028,  1,         0,     73728,  77869163, nof,  0, 48,  0,    
 1029,  1,         0,     73728,  77869163, non,  0, 39, 23, D#2
 1030,  1,         0,     73728,  77869163, non,  0, 48, 16,  C3
 1031,  1,       112,     73840,  77978538, ctl,  0, 64,  0,    
 1032,  1,       296,     74136,  78267600, ctl,  0, 64,127,    
 1033,  1,      3688,     77824,  81869162, nof,  0, 53,  0,    
 1034,  1,         0,     77824,  81869162, nof,  0, 60,  0,    
 1035,  1,         0,     77824,  81869162, nof,  0, 65,  0,    
 1036,  1,         0,     77824,  81869162, nof,  0, 69,  0,    
 1037,  1,         0,     77824,  81869162, nof,  0, 72,  0,    
 1038,  1,         0,     77824,  81869162, nof,  0, 39,  0,    
 1039,  1,         0,     77824,  81869162, nof,  0, 48,  0,    
 1040,  1,       348,     78172,  82209005, ctl,  0, 64,127,    
 1041,  1,         0,     78172,  82209005, ctl,  0, 64,127,    
   99,  0,      4608,     78336,  82369161,tempo,55,bpm,,    
 1042,  1,       164,     78336,  82369161, non,  0, 53, 18,  F3
 1043,  1,         0,     78336,  82369161, non,  0, 60, 18,  C4
 1044,  1,         0,     78336,  82369161, non,  0, 64, 26,  E4
 1045,  1,         0,     78336,  82369161, non,  0, 40,  9,  E2
 1046,  1,         0,     78336,  82369161, non,  0, 45,  9,  A2
  100,  0,       512,     78848,  82914615,tempo,60,bpm,,    
 1047,  1,       512,     78848,  82914615, non,  0, 69, 29,  A4
  101,  0,       512,     79360,  83414615,tempo,49,bpm,,    
 1048,  1,       512,     79360,  83414615, ctl,  0, 64,127,    
 1049,  1,         0,     79360,  83414615, ctl,  0, 64,127,    
 1050,  1,         0,     79360,  83414615, nof,  0, 64,  0,    
 1051,  1,         0,     79360,  83414615, nof,  0, 69,  0,    
 1052,  1,         0,     79360,  83414615, non,  0, 64, 34,  E4
 1053,  1,       291,     79651,  83762589, ctl,  0, 64,127,    
 1054,  1,         0,     79651,  83762589, ctl,  0, 64,127,    
  102,  0,       512,     79872,  84026858,tempo,66,bpm,,    
 1055,  1,       221,     79872,  84026858, non,  0, 59, 19,  B3
 1056,  1,         0,     79872,  84026858, non,  0, 63, 30, D#4
 1057,  1,        38,     79910,  84060593, ctl,  0, 64,  0,    
 1058,  1,         0,     79910,  84060593, ctl,  0, 64,  0,    
 1059,  1,        12,     79922,  84071246, nof,  0, 60,  0,    
 1060,  1,         0,     79922,  84071246, nof,  0, 64,  0,    
 1061,  1,       223,     80145,  84269221, ctl,  0, 64,127,    
 1062,  1,         0,     80145,  84269221, ctl,  0, 64,127,    
  103,  0,       512,     80384,  84481401,tempo,60,bpm,,    
 1063,  1,       239,     80384,  84481401, nof,  0, 53,  0,    
 1064,  1,         0,     80384,  84481401, nof,  0, 59,  0,    
 1065,  1,         0,     80384,  84481401, nof,  0, 63,  0,    
 1066,  1,         0,     80384,  84481401, non,  0, 53, 20,  F3
 1067,  1,         0,     80384,  84481401, non,  0, 57, 27,  A3
 1068,  1,         0,     80384,  84481401, nof,  0, 40,  0,    
 1069,  1,         0,     80384,  84481401, nof,  0, 45,  0,    
 1070,  1,         0,     80384,  84481401, non,  0, 33,  9,  A1
 1071,  1,         0,     80384,  84481401, non,  0, 41,  9,  F2
 1072,  1,         0,     80384,  84481401, non,  0, 48,  9,  C3
 1073,  1,        32,     80416,  84512651, ctl,  0, 64,127,    
 1074,  1,         0,     80416,  84512651, ctl,  0, 64,127,    
 1075,  1,        65,     80481,  84576127, ctl,  0, 64,  0,    
 1076,  1,         0,     80481,  84576127, ctl,  0, 64,  0,    
 1077,  1,       162,     80643,  84734330, ctl,  0, 64,127,    
 1078,  1,         0,     80643,  84734330, ctl,  0, 64,127,    
  104,  0,       512,     80896,  84981400,tempo,49,bpm,,    
 1079,  1,       253,     80896,  84981400, nof,  0, 53,  0,    
 1080,  1,         0,     80896,  84981400, nof,  0, 57,  0,    
 1081,  1,         0,     80896,  84981400, non,  0, 53, 19,  F3
 1082,  1,         0,     80896,  84981400, non,  0, 57, 19,  A3
 1083,  1,         0,     80896,  84981400, non,  0, 60, 19,  C4
 1084,  1,         0,     80896,  84981400, non,  0, 64, 19,  E4
 1085,  1,         0,     80896,  84981400, non,  0, 65, 19,  F4
 1086,  1,         0,     80896,  84981400, non,  0, 69, 19,  A4
 1087,  1,         0,     80896,  84981400, non,  0, 72, 39,  C5
  105,  0,       512,     81408,  85593644,tempo,60,bpm,,    
 1088,  1,       512,     81408,  85593644, nof,  0, 53,  0,    
 1089,  1,         0,     81408,  85593644, nof,  0, 57,  0,    
 1090,  1,         0,     81408,  85593644, nof,  0, 60,  0,    
 1091,  1,         0,     81408,  85593644, nof,  0, 64,  0,    
 1092,  1,         0,     81408,  85593644, nof,  0, 65,  0,    
 1093,  1,         0,     81408,  85593644, nof,  0, 69,  0,    
 1094,  1,         0,     81408,  85593644, nof,  0, 72,  0,    
 1095,  1,         0,     81408,  85593644, non,  0, 53, 20,  F3
 1096,  1,         0,     81408,  85593644, non,  0, 60, 20,  C4
 1097,  1,         0,     81408,  85593644, non,  0, 64, 34,  E4
 1098,  1,         0,     81408,  85593644, nof,  0, 33,  0,    
 1099,  1,         0,     81408,  85593644, nof,  0, 41,  0,    
 1100,  1,         0,     81408,  85593644, nof,  0, 48,  0,    
 1101,  1,         0,     81408,  85593644, non,  0, 40,  9,  E2
 1102,  1,         0,     81408,  85593644, non,  0, 45,  9,  A2
 1103,  1,        20,     81428,  85613175, ctl,  0, 64,  0,    
 1104,  1,         0,     81428,  85613175, ctl,  0, 64,  0,    
 1105,  1,       226,     81654,  85833878, ctl,  0, 64,127,    
 1106,  1,         0,     81654,  85833878, ctl,  0, 64,127,    
 1107,  1,        28,     81682,  85861221, ctl,  0, 64,127,    
 1108,  1,         0,     81682,  85861221, ctl,  0, 64,127,    
  106,  0,       512,     81920,  86093642,tempo,60,bpm,,    
 1109,  1,       238,     81920,  86093642, non,  0, 72, 37,  C5
  107,  0,       512,     82432,  86593642,tempo,49,bpm,,    
 1110,  1,       512,     82432,  86593642, ctl,  0, 64,127,    
 1111,  1,         0,     82432,  86593642, ctl,  0, 64,127,    
 1112,  1,         0,     82432,  86593642, nof,  0, 64,  0,    
 1113,  1,         0,     82432,  86593642, nof,  0, 72,  0,    
 1114,  1,         0,     82432,  86593642, non,  0, 64, 43,  E4
  108,  0,       512,     82944,  87205886,tempo,66,bpm,,    
 1115,  1,       512,     82944,  87205886, non,  0, 59, 23,  B3
 1116,  1,         0,     82944,  87205886, non,  0, 63, 34, D#4
 1117,  1,        38,     82982,  87239621, ctl,  0, 64,  0,    
 1118,  1,         0,     82982,  87239621, ctl,  0, 64,  0,    
 1119,  1,         0,     82982,  87239621, ctl,  0, 64,  0,    
 1120,  1,         0,     82982,  87239621, ctl,  0, 64,  0,    
 1121,  1,        12,     82994,  87250274, nof,  0, 60,  0,    
 1122,  1,         0,     82994,  87250274, nof,  0, 64,  0,    
 1123,  1,       223,     83217,  87448249, ctl,  0, 64,127,    
 1124,  1,         0,     83217,  87448249, ctl,  0, 64,127,    
 1125,  1,         0,     83217,  87448249, ctl,  0, 64,127,    
 1126,  1,         0,     83217,  87448249, ctl,  0, 64,127,    
  109,  0,       512,     83456,  87660429,tempo,60,bpm,,    
 1127,  1,       239,     83456,  87660429, nof,  0, 53,  0,    
 1128,  1,         0,     83456,  87660429, nof,  0, 59,  0,    
 1129,  1,         0,     83456,  87660429, nof,  0, 63,  0,    
 1130,  1,         0,     83456,  87660429, non,  0, 53, 24,  F3
 1131,  1,         0,     83456,  87660429, non,  0, 57, 31,  A3
 1132,  1,         0,     83456,  87660429, nof,  0, 40,  0,    
 1133,  1,         0,     83456,  87660429, nof,  0, 45,  0,    
 1134,  1,         0,     83456,  87660429, non,  0, 33,  9,  A1
 1135,  1,         0,     83456,  87660429, non,  0, 41,  9,  F2
 1136,  1,         0,     83456,  87660429, non,  0, 48,  9,  C3
 1137,  1,        32,     83488,  87691679, ctl,  0, 64,127,    
 1138,  1,         0,     83488,  87691679, ctl,  0, 64,127,    
 1139,  1,         0,     83488,  87691679, ctl,  0, 64,127,    
 1140,  1,         0,     83488,  87691679, ctl,  0, 64,127,    
 1141,  1,        65,     83553,  87755155, ctl,  0, 64,  0,    
 1142,  1,         0,     83553,  87755155, ctl,  0, 64,  0,    
 1143,  1,         0,     83553,  87755155, ctl,  0, 64,  0,    
 1144,  1,         0,     83553,  87755155, ctl,  0, 64,  0,    
 1145,  1,       162,     83715,  87913358, ctl,  0, 64,127,    
 1146,  1,         0,     83715,  87913358, ctl,  0, 64,127,    
 1147,  1,         0,     83715,  87913358, ctl,  0, 64,127,    
 1148,  1,         0,     83715,  87913358, ctl,  0, 64,127,    
  110,  0,       512,     83968,  88160428,tempo,49,bpm,,    
 1149,  1,       253,     83968,  88160428, nof,  0, 53,  0,    
 1150,  1,         0,     83968,  88160428, nof,  0, 57,  0,    
 1151,  1,         0,     83968,  88160428, non,  0, 53, 18,  F3
 1152,  1,         0,     83968,  88160428, non,  0, 57, 18,  A3
 1153,  1,         0,     83968,  88160428, non,  0, 60, 18,  C4
 1154,  1,         0,     83968,  88160428, non,  0, 64, 18,  E4
 1155,  1,         0,     83968,  88160428, non,  0, 65, 18,  F4
 1156,  1,         0,     83968,  88160428, non,  0, 69, 18,  A4
 1157,  1,         0,     83968,  88160428, non,  0, 72, 18,  C5
 1158,  1,         0,     83968,  88160428, non,  0, 76, 39,  E5
  111,  0,       512,     84480,  88772672,tempo,60,bpm,,    
 1159,  1,       512,     84480,  88772672, nof,  0, 53,  0,    
 1160,  1,         0,     84480,  88772672, nof,  0, 57,  0,    
 1161,  1,         0,     84480,  88772672, nof,  0, 60,  0,    
 1162,  1,         0,     84480,  88772672, nof,  0, 64,  0,    
 1163,  1,         0,     84480,  88772672, nof,  0, 65,  0,    
 1164,  1,         0,     84480,  88772672, nof,  0, 69,  0,    
 1165,  1,         0,     84480,  88772672, nof,  0, 72,  0,    
 1166,  1,         0,     84480,  88772672, nof,  0, 76,  0,    
 1167,  1,         0,     84480,  88772672, non,  0, 53, 21,  F3
 1168,  1,         0,     84480,  88772672, non,  0, 60, 21,  C4
 1169,  1,         0,     84480,  88772672, non,  0, 64, 35,  E4
 1170,  1,         0,     84480,  88772672, nof,  0, 33,  0,    
 1171,  1,         0,     84480,  88772672, nof,  0, 41,  0,    
 1172,  1,         0,     84480,  88772672, nof,  0, 48,  0,    
 1173,  1,         0,     84480,  88772672, non,  0, 45,  9,  A2
 1174,  1,        20,     84500,  88792203, ctl,  0, 64,  0,    
 1175,  1,         0,     84500,  88792203, ctl,  0, 64,  0,    
 1176,  1,         0,     84500,  88792203, ctl,  0, 64,  0,    
 1177,  1,         0,     84500,  88792203, ctl,  0, 64,  0,    
 1178,  1,       226,     84726,  89012906, ctl,  0, 64,127,    
 1179,  1,         0,     84726,  89012906, ctl,  0, 64,127,    
 1180,  1,         0,     84726,  89012906, ctl,  0, 64,127,    
 1181,  1,         0,     84726,  89012906, ctl,  0, 64,127,    
 1182,  1,       266,     84992,  89272671, non,  0, 72, 46,  C5
  112,  0,      1024,     85504,  89772671,tempo,49,bpm,,    
 1183,  1,       512,     85504,  89772671, ctl,  0, 64,  0,    
 1184,  1,         0,     85504,  89772671, ctl,  0, 64,127,    
 1185,  1,         0,     85504,  89772671, ctl,  0, 64,  0,    
 1186,  1,         0,     85504,  89772671, nof,  0, 53,  0,    
 1187,  1,         0,     85504,  89772671, nof,  0, 60,  0,    
 1188,  1,         0,     85504,  89772671, nof,  0, 64,  0,    
 1189,  1,         0,     85504,  89772671, nof,  0, 72,  0,    
 1190,  1,         0,     85504,  89772671, nof,  0, 45,  0,    
 1191,  1,         0,     85504,  89772671, non,  0, 60, 19,  C4
 1192,  1,         0,     85504,  89772671, non,  0, 65, 19,  F4
 1193,  1,         0,     85504,  89772671, non,  0, 69, 35,  A4
 1194,  1,         0,     85504,  89772671, non,  0, 51, 12, D#3
 1195,  1,       485,     85989,  90352629, ctl,  0, 64,127,    
  113,  0,       512,     86016,  90384915,tempo,45,bpm,,    
 1196,  1,        27,     86016,  90384915, nof,  0, 60,  0,    
 1197,  1,         0,     86016,  90384915, nof,  0, 65,  0,    
 1198,  1,         0,     86016,  90384915, nof,  0, 69,  0,    
 1199,  1,         0,     86016,  90384915, non,  0, 60, 19,  C4
 1200,  1,         0,     86016,  90384915, non,  0, 64, 31,  E4
 1201,  1,         0,     86016,  90384915, nof,  0, 51,  0,    
 1202,  1,         0,     86016,  90384915, non,  0, 45, 12,  A2
 1203,  1,         0,     86016,  90384915, non,  0, 53, 12,  F3
 1204,  1,       135,     86151,  90560696, ctl,  0, 64,  0,    
 1205,  1,       138,     86289,  90740383, ctl,  0, 64,127,    
 1206,  1,         0,     86289,  90740383, ctl,  0, 64,127,    
 1207,  1,       117,     86406,  90892726, ctl,  0, 64,127,    
 1208,  1,       122,     86528,  91051580, nof,  0, 60,  0,    
 1209,  1,         0,     86528,  91051580, nof,  0, 64,  0,    
 1210,  1,         0,     86528,  91051580, non,  0, 72, 37,  C5
  114,  0,      1024,     87040,  91718246,tempo,34,bpm,,    
 1211,  1,       512,     87040,  91718246, nof,  0, 72,  0,    
 1212,  1,         0,     87040,  91718246, non,  0, 60, 17,  C4
 1213,  1,         0,     87040,  91718246, non,  0, 65, 17,  F4
 1214,  1,         0,     87040,  91718246, non,  0, 69, 29,  A4
 1215,  1,         0,     87040,  91718246, nof,  0, 45,  0,    
 1216,  1,         0,     87040,  91718246, nof,  0, 53,  0,    
 1217,  1,         0,     87040,  91718246, non,  0, 51, 12, D#3
 1218,  1,        99,     87139,  91888857, ctl,  0, 64,  0,    
 1219,  1,       208,     87347,  92247312, ctl,  0, 64,127,    
  115,  0,       512,     87552,  92600597,tempo,30,bpm,,    
 1220,  1,       205,     87552,  92600597, nof,  0, 60,  0,    
 1221,  1,         0,     87552,  92600597, nof,  0, 65,  0,    
 1222,  1,         0,     87552,  92600597, nof,  0, 69,  0,    
 1223,  1,         0,     87552,  92600597, non,  0, 60,  9,  C4
 1224,  1,         0,     87552,  92600597, non,  0, 64, 23,  E4
 1225,  1,         0,     87552,  92600597, nof,  0, 51,  0,    
 1226,  1,         0,     87552,  92600597, non,  0, 45, 12,  A2
 1227,  1,         0,     87552,  92600597, non,  0, 53, 12,  F3
 1228,  1,        86,     87638,  92768565, ctl,  0, 64,  0,    
 1229,  1,       210,     87848,  93178721, ctl,  0, 64,127,    
 1230,  1,       216,     88064,  93600596, nof,  0, 60,  0,    
 1231,  1,         0,     88064,  93600596, nof,  0, 64,  0,    
 1232,  1,         0,     88064,  93600596, non,  0, 72, 24,  C5
  116,  0,      1024,     88576,  94600596,tempo,40,bpm,,    
 1233,  1,       512,     88576,  94600596, nof,  0, 72,  0,    
 1234,  1,         0,     88576,  94600596, nof,  0, 45,  0,    
 1235,  1,         0,     88576,  94600596, nof,  0, 53,  0,    
 1236,  1,      1352,     89928,  96581064, ctl,  0, 64,127,    
  117,  0,      1536,     90112,  96850595,tempo,34,bpm,,    
 1237,  1,       184,     90112,  96850595, non,  0, 60, 13,  C4
 1238,  1,         0,     90112,  96850595, non,  0, 65, 13,  F4
 1239,  1,         0,     90112,  96850595, non,  0, 69, 25,  A4
 1240,  1,         0,     90112,  96850595, non,  0, 51,  7, D#3
 1241,  1,      1336,     91448,  99152983, non,  0, 33,  8,  A1
 1242,  1,       200,     91648,  99497651, ctl,  0, 64,127,    
 1243,  1,         0,     91648,  99497651, nof,  0, 60,  0,    
 1244,  1,         0,     91648,  99497651, nof,  0, 65,  0,    
 1245,  1,         0,     91648,  99497651, nof,  0, 69,  0,    
 1246,  1,         0,     91648,  99497651, nof,  0, 51,  0,    
 1247,  1,         0,     91648,  99497651, non,  0, 60, 20,  C4
 1248,  1,         0,     91648,  99497651, non,  0, 69, 20,  A4
 1249,  1,         0,     91648,  99497651, non,  0, 76, 37,  E5
 1250,  1,         0,     91648,  99497651, non,  0, 45,  8,  A2
 1251,  1,         0,     91648,  99497651, non,  0, 52,  8,  E3
 1252,  1,       287,     91935,  99992250, ctl,  0, 64,  0,    
 1253,  1,       573,     92508, 100979726, ctl,  0, 64,127,    
  118,  0,      4608,     94720, 104791764,tempo,333,bpm,,    
 1254,  1,      2212,     94720, 104791764, ctl,  0, 64,  0,    
 1255,  1,         0,     94720, 104791764, ctl,  0, 64,  0,    
 1256,  1,         0,     94720, 104791764, nof,  0, 60,  0,    
 1257,  1,         0,     94720, 104791764, nof,  0, 69,  0,    
 1258,  1,         0,     94720, 104791764, nof,  0, 76,  0,    
 1259,  1,         0,     94720, 104791764, nof,  0, 33,  0,    
 1260,  1,         0,     94720, 104791764, nof,  0, 45,  0,    
 1261,  1,         0,     94720, 104791764, nof,  0, 52,  0,    
 1262,  1,      3072,     97792, 105332304, ctl,  0, 64,  0,    
 1263,  1,         0,     97792, 105332304, ctl,  0, 64,  0,    
  119,  0,      3073,     97793, 105332479,eot,,,,    
 1264,  1,         1,     97793, 105332479,eot,,,,    
